,1j46_A,2lef_A,1aab_,1k99_A
1j46_A,1.0,0.26506024096385544,0.19230769230769232,0.2235294117647059
2lef_A,0.26506024096385544,1.0,0.09210526315789473,0.1927710843373494
1aab_,0.19230769230769232,0.09210526315789473,1.0,0.2345679012345679
1k99_A,0.2235294117647059,0.1927710843373494,0.2345679012345679,1.0
